{
  "tiers": [
    {
      "groups": [
        {
          "num_to_select": 5,
          "trades": [
            
            {
              "max_uses": 16,
              "wants": [
                {
                  "item": "minecraft:diamond",
                  "quantity": {
                        "min": 1,
                        "max": 1
                      }
                }
              ],
              "gives": [
                {
                  "item": "minecraft:spawn_egg","functions":[{"function": "set_actor_id",
                    "id": "dmb:player_1"}]
                }
              ]
            },
            {
              "max_uses": 16,
              "wants": [
                {
                  "item": "minecraft:diamond",
                  "quantity": {
                        "min": 1,
                        "max": 1
                      }
                }
              ],
              "gives": [
                {
                  "item": "minecraft:spawn_egg","functions":[{"function": "set_actor_id",
                    "id": "dmb:player_2"}]
                }
              ]
            },{
              "max_uses": 16,
              "wants": [
                {
                  "item": "minecraft:diamond",
                  "quantity": {
                        "min": 1,
                        "max": 1
                      }
                }
              ],
              "gives": [
                {
                  "item": "minecraft:spawn_egg","functions":[{"function": "set_actor_id",
                    "id": "dmb:player_3"}]
                }
              ]
            },{
              "max_uses": 16,
              "wants": [
                {
                  "item": "minecraft:diamond",
                  "quantity": {
                        "min": 1,
                        "max": 1
                      }
                }
              ],
              "gives": [
                {
                  "item": "minecraft:spawn_egg","functions":[{"function": "set_actor_id",
                    "id": "dmb:player_4"}]
                }
              ]
            },{
              "max_uses": 16,
              "wants": [
                {
                  "item": "minecraft:diamond",
                  "quantity": {
                        "min": 1,
                        "max": 1
                      }
                }
              ],
              "gives": [
                {
                  "item": "minecraft:spawn_egg","functions":[{"function": "set_actor_id",
                    "id": "dmb:player_5"}]
                }
              ]
            }
            
            
            
            
            
            
          ]
        }
        
      ]
    }
  ]
}
