{
  "resource_pack_name": "Furnicraft[Resource]",
  "texture_name": "atlas.items",
  "texture_data": {
    "egg_camel": {
      "textures": "textures/items/egg_camel"
    },
    "egg_lion": {
      "textures": "textures/items/egg_lion"
    },
    "egg_penguin": {
      "textures": "textures/items/egg_penguin"
    },
    "egg_tiger": {
      "textures": "textures/items/egg_tiger"
    },
    "egg_elephant": {
      "textures": "textures/items/egg_elephant"
    },
    "egg_deer": {
      "textures": "textures/items/egg_deer"
    },
    "egg_panther": {
      "textures": "textures/items/egg_panther"
    },
    "egg_frog": {
      "textures": "textures/items/egg_frog"
    },
    "egg_crocodile": {
      "textures": "textures/items/egg_crocodile"
    },
    "egg_mouse": {
      "textures": "textures/items/egg_mouse"
    },
    "gallardo": {
      "textures": "textures/items/gallardo"
    },
    "bench": {
      "textures": "textures/items/bench"
    },
    "christmas_tree": {
      "textures": "textures/items/christmas_tree"
    },
    "tivi": {
      "textures": "textures/items/tivi"
    },
    "closet": {
      "textures": "textures/items/closet"
    },
    "laptop": {
      "textures": "textures/items/laptop"
    },
    "piano": {
      "textures": "textures/items/piano"
    },
    "armchairs": {
      "textures": "textures/items/armchairs"
    },
    "chair": {
      "textures": "textures/items/chair"
    },
    "big_table": {
      "textures": "textures/items/big_table"
    },
    "small_table": {
      "textures": "textures/items/small_table"
    },
    "drone": {
      "textures": "textures/items/drone"
    },
    "colorful_gifts": {
      "textures": "textures/items/colorful_gifts"
    },
    "coin:catana": {
      "textures": "textures/items/pamobile/coin_catana"
    },
    "coin:guadana_nds": {
      "textures": "textures/items/pamobile/coin_guadana_nds"
    },
    "coin:guadana_muerte": {
      "textures": "textures/items/pamobile/coin_guadana_muerte"
    },
    "coin:sword_emerald": {
      "textures": "textures/items/pamobile/coin_sword_emerald"
    },
    "coin:bone_sword": {
      "textures": "textures/items/pamobile/coin_bone_sword"
    },
    "coin:wither_sword": {
      "textures": "textures/items/pamobile/coin_wither_sword"
    },
    "coin:bone_dagger": {
      "textures": "textures/items/pamobile/coin_bone_dagger"
    },
    "coin:winged_diamond_sword": {
      "textures": "textures/items/pamobile/coin_winged_diamond_sword"
    },
    "coin:didi_sword": {
      "textures": "textures/items/pamobile/coin_didi_sword"
    },
    "coin:silver_coin": {
      "textures": "textures/items/pamobile/coin_silver_coin"
    },
    "coin:gold_coin": {
      "textures": "textures/items/pamobile/coin_gold_coin"
    },
    "coin:netherite_coin": {
      "textures": "textures/items/pamobile/coin_netherite_coin"
    },
    "coin:super_coin": {
      "textures": "textures/items/pamobile/coin_super_coin"
    },
    "coin:diamond_coin": {
      "textures": "textures/items/pamobile/coin_diamond_coin"
    },
    "coin:teletransporte_jj": {
      "textures": "textures/items/pamobile/coin_teletransporte_jj"
    },
    "coin:emerald_coin": {
      "textures": "textures/items/pamobile/coin_emerald_coin"
    },
    "coin:fracmento_de_fossil": {
      "textures": "textures/items/pamobile/coin_fracmento_de_fossil"
    },
    "coin:fossil": {
      "textures": "textures/items/pamobile/coin_fossil"
    },
    "coin:petroleo": {
      "textures": "textures/items/pamobile/coin_petroleo"
    },
    "coin:gasolina": {
      "textures": "textures/items/pamobile/coin_gasolina"
    },
    "coin:rin": {
      "textures": "textures/items/pamobile/coin_rin"
    },
    "coin:llanta": {
      "textures": "textures/items/pamobile/coin_llanta"
    },
    "coin:base_llanta": {
      "textures": "textures/items/pamobile/coin_base_llanta"
    },
    "coin:base_carro": {
      "textures": "textures/items/pamobile/coin_base_carro"
    },
    "coin:base_carro_red": {
      "textures": "textures/items/pamobile/coin_base_carro_red"
    },
    "coin:winged_diamond": {
      "textures": "textures/items/pamobile/coin_winged_diamond"
    },
    "coin:bowl_with_gasoline": {
      "textures": "textures/items/pamobile/coin_bowl_with_gasoline"
    },
    "coin:radioactive_kill": {
      "textures": "textures/items/pamobile/coin_radioactive_kill"
    },
    "coin:pumpkin_pie_hh": {
      "textures": "textures/items/pamobile/coin_pumpkin_pie_hh"
    },
    "coin:granada_mmk": {
      "textures": "textures/items/pamobile/coin_granada_mmk"
    }
  }
}