{
  "resource_pack_name": "vanilla",
  "texture_name": "atlas.terrain",
  "padding": 8,
  "num_mip_levels": 4,
  "texture_data": {
    "coin_mena_fossil_up": {
      "textures": [
        "textures/blocks/coin_mena_fossil_up"
      ]
    },
    "coin_mena_winged_diamond_up": {
      "textures": [
        "textures/blocks/coin_mena_winged_diamond_up"
      ]
    },
    "coin_daily_ore_up": {
      "textures": [
        "textures/blocks/coin_daily_ore_up"
      ]
    },
    "coin_mena_fossil_down": {
      "textures": [
        "textures/blocks/coin_mena_fossil_down"
      ]
    },
    "coin_mena_winged_diamond_down": {
      "textures": [
        "textures/blocks/coin_mena_winged_diamond_down"
      ]
    },
    "coin_daily_ore_down": {
      "textures": [
        "textures/blocks/coin_daily_ore_down"
      ]
    },
    "coin_mena_fossil_side": {
      "textures": [
        "textures/blocks/coin_mena_fossil_side"
      ]
    },
    "coin_mena_winged_diamond_side": {
      "textures": [
        "textures/blocks/coin_mena_winged_diamond_side"
      ]
    },
    "coin_daily_ore_side": {
      "textures": [
        "textures/blocks/coin_daily_ore_side"
      ]
    }
  }
}