{
  "format_version": "1.12",
  "minecraft:recipe_shaped": {
    "description": {
      "identifier": "netherite_coin_e73691c1"
    },
    "tags": [
      "crafting_table"
    ],
    "pattern": [
      " A ",
      "ABA",
      " A "
    ],
    "key": {
      "A": {
        "item": "coin:emerald_coin",
        "data": 0
      },
      "B": {
        "item": "minecraft:netherite_ingot",
        "data": 0
      }
    },
    "result": {
      "item": "coin:netherite_coin",
      "count": 1
    }
  }
}