{
	"format_version": "1.12.0",
	"minecraft:geometry": [
		{
			"description": {
				"identifier": "geometry.pig.v1.8",
				"texture_width": 64,
				"texture_height": 32,
				"visible_bounds_width": 3,
				"visible_bounds_height": 1,
				"visible_bounds_offset": [0, 0.5, 0]
			},
			"bones": [
				{
					"name": "body",
					"pivot": [0, 13, 2],
					"mirror": true,
					"cubes": [
						{"origin": [-5, 5, -10], "size": [10, 16, 8], "pivot": [0, 15, -1], "rotation": [90, 0, 0], "uv": [28, 8]}
					]
				},
				{
					"name": "head",
					"pivot": [0, 12, -6],
					"mirror": true,
					"cubes": [
						{"origin": [-4, 8, -14], "size": [8, 8, 8], "uv": [0, 0]},
						{"origin": [-2, 9, -15], "size": [4, 3, 1], "uv": [16, 16]}
					]
				},
				{
					"name": "leg0",
					"pivot": [3, 6, 7],
					"mirror": true,
					"cubes": [
						{"origin": [1, 0, 5], "size": [4, 6, 4], "uv": [0, 16]}
					]
				},
				{
					"name": "leg1",
					"pivot": [-3, 6, 7],
					"mirror": true,
					"cubes": [
						{"origin": [-5, 0, 5], "size": [4, 6, 4], "uv": [0, 16]}
					]
				},
				{
					"name": "leg2",
					"pivot": [3, 6, -5],
					"mirror": true,
					"cubes": [
						{"origin": [1, 0, -7], "size": [4, 6, 4], "uv": [0, 16]}
					]
				},
				{
					"name": "leg3",
					"pivot": [-3, 6, -5],
					"mirror": true,
					"cubes": [
						{"origin": [-5, 0, -7], "size": [4, 6, 4], "uv": [0, 16]}
					]
				}
			]
		}
	]
}
