{
	"format_version": "1.12.0",
	"minecraft:geometry": [
		{
			"description": {
				"identifier": "minecraft:rabbit",
				"texture_width": 64,
				"texture_height": 32,
				"visible_bounds_width": 3,
				"visible_bounds_height": 2,
				"visible_bounds_offset": [0, 1, 0]
			},
			"bones": [
				{
					"name": "rearFootLeft",
					"pivot": [-3, 6.5, 3.7],
					"mirror": true,
					"cubes": [
						{"origin": [-4, 0, 0], "size": [2, 1, 7], "uv": [8, 24], "mirror": false}
					]
				},
				{
					"name": "rearFootRight",
					"pivot": [3, 6.5, 3.7],
					"mirror": true,
					"cubes": [
						{"origin": [2, 0, 0], "size": [2, 1, 7], "uv": [26, 24], "mirror": false}
					]
				},
				{
					"name": "haunchLeft",
					"pivot": [-3, 6.5, 3.7],
					"rotation": [-20, 0, 0],
					"mirror": true,
					"cubes": [
						{"origin": [-4, 2.5, 3.7], "size": [2, 4, 5], "uv": [16, 15], "mirror": false}
					]
				},
				{
					"name": "haunchRight",
					"pivot": [3, 6.5, 3.7],
					"rotation": [-20, 0, 0],
					"mirror": true,
					"cubes": [
						{"origin": [2, 2.5, 3.7], "size": [2, 4, 5], "uv": [30, 15], "mirror": false}
					]
				},
				{
					"name": "body",
					"pivot": [0, 5, 8],
					"rotation": [-20, 0, 0],
					"mirror": true,
					"cubes": [
						{"origin": [-3, 4.21188, -1.672], "size": [6, 5, 10], "pivot": [0, 5.12685, 2.39069], "rotation": [-35, 0, 0], "uv": [0, 0], "mirror": false}
					]
				},
				{
					"name": "frontLegLeft",
					"pivot": [-3, 7, -1],
					"rotation": [-10, 0, 0],
					"mirror": true,
					"cubes": [
						{"origin": [-4, 4.28653, -0.72498], "size": [2, 7, 2], "uv": [8, 15], "mirror": false}
					]
				},
				{
					"name": "frontLegRight",
					"pivot": [3, 7, -1],
					"rotation": [-10, 0, 0],
					"mirror": true,
					"cubes": [
						{"origin": [2, 3.30172, -0.55133], "size": [2, 7, 2], "uv": [0, 15], "mirror": false}
					]
				},
				{
					"name": "head",
					"pivot": [0, 8, -1],
					"mirror": true,
					"cubes": [
						{"origin": [-2.5, 11, -1], "size": [5, 4, 5], "uv": [32, 0], "mirror": false}
					]
				},
				{
					"name": "earRight",
					"pivot": [0, 8, -1],
					"rotation": [0, 15, 0],
					"mirror": true,
					"cubes": [
						{"origin": [-0.7941, 15, 2.82963], "size": [2, 5, 1], "uv": [52, 0], "mirror": false}
					]
				},
				{
					"name": "earLeft",
					"pivot": [0, 8, -1],
					"rotation": [0, -15, 0],
					"mirror": true,
					"cubes": [
						{"origin": [-1.2059, 15, 2.82963], "size": [2, 5, 1], "uv": [58, 0], "mirror": false}
					]
				},
				{
					"name": "tail",
					"pivot": [0, 4, 7],
					"rotation": [-20, 0, 0],
					"mirror": true,
					"cubes": [
						{"origin": [-1.5, 5.44092, 5.83768], "size": [3, 3, 2], "pivot": [0, 0, 0], "rotation": [-20, 0, 0], "uv": [52, 6], "mirror": false}
					]
				},
				{
					"name": "nose",
					"pivot": [0, 8, -1],
					"mirror": true,
					"cubes": [
						{"origin": [-0.5, 12.5, -1.5], "size": [1, 1, 1], "uv": [32, 9], "mirror": false}
					]
				}
			]
		}
	]
}