{"resource_pack_name":"vanilla","texture_name":"atlas.terrain","padding":8,"num_mip_levels":4,"texture_data":{"minecraft_cobblestone":{"textures":"textures/blocks/minecraft_cobblestone"},"minecraft_mossy_cobblestone":{"textures":"textures/blocks/minecraft_mossy_cobblestone"},"minecraft_stone":{"textures":["textures/blocks/minecraft_stone","textures/blocks/minecraft_stone_granite","textures/blocks/minecraft_stone_granite_smooth","textures/blocks/minecraft_stone_diorite","textures/blocks/minecraft_stone_diorite_smooth","textures/blocks/minecraft_stone_andesite","textures/blocks/minecraft_stone_andesite_smooth"]},"dirt":{"textures":"textures/blocks/dirt"},"dirt_podzol_side":{"textures":"textures/blocks/dirt_podzol_side"},"dirt_podzol_top":{"textures":"textures/blocks/dirt_podzol_top"},"grass_path_side":{"textures":"textures/blocks/grass_path_side"},"grass_path_top":{"textures":"textures/blocks/grass_path_top"},"grass_side_snowed":{"textures":"textures/blocks/grass_side_snowed"},"grass_top":{"textures":"textures/blocks/grass_top"},"grass_side":{"textures":"textures/blocks/grass_side"},"grass_bottom":{"textures":"textures/blocks/grass_bottom"},"sand":{"textures":["textures/blocks/sand","textures/blocks/red_sand"]},"brick":{"textures":"textures/blocks/brick"},"log_top":{"textures":["textures/blocks/log_oak_top","textures/blocks/log_spruce_top","textures/blocks/log_birch_top","textures/blocks/log_jungle_top"]},"log_side":{"textures":["textures/blocks/log_oak","textures/blocks/log_spruce","textures/blocks/log_birch","textures/blocks/log_jungle"]},"log2":{"textures":["textures/blocks/log_acacia","textures/blocks/log_acacia_top","textures/blocks/log_big_oak","textures/blocks/log_big_oak_top"]},"log_top2":{"textures":["textures/blocks/log_acacia_top","textures/blocks/log_big_oak_top"]},"log_side2":{"textures":["textures/blocks/log_acacia","textures/blocks/log_big_oak"]},"stripped_oak_log_top":{"textures":"textures/blocks/stripped_oak_log_top"},"stripped_oak_log_side":{"textures":"textures/blocks/stripped_oak_log"},"stripped_birch_log_top":{"textures":"textures/blocks/stripped_birch_log_top"},"stripped_birch_log_side":{"textures":"textures/blocks/stripped_birch_log"},"stripped_dark_oak_log_top":{"textures":"textures/blocks/stripped_dark_oak_log_top"},"stripped_dark_oak_log_side":{"textures":"textures/blocks/stripped_dark_oak_log"},"minecraft_gold_ore":{"textures":"textures/blocks/minecraft_gold_ore"},"minecraft_diamond_ore":{"textures":"textures/blocks/minecraft_diamond_ore"},"minecraft_iron_ore":{"textures":"textures/blocks/minecraft_iron_ore"},"minecraft_emerald_ore":{"textures":"textures/blocks/minecraft_emerald_ore"},"minecraft_coal_ore":{"textures":"textures/blocks/minecraft_coal_ore"},"minecraft_lapis_ore":{"textures":"textures/blocks/minecraft_lapis_ore"},"minecraft_redstone_ore":{"textures":"textures/blocks/minecraft_redstone_ore"},"grass_block":{"textures":"textures/blocks/grass_block"},"flowing_water_grey": {
      "quad": 1,
      "textures": "textures/blocks/water_flow_grey"
    },
    "flowing_water": { //DEPRECATED "water_flow" is now replaced by water_flow_grey texture for a newer water coloring system
      //this is only here or the purposes of backwards compatibility, and should no longer be used!
      "quad": 1,
      "textures": "textures/blocks/water_flow"
    },"still_water_grey": {
      "textures": "textures/blocks/water_still_grey"
    },
    "still_water": { //DEPRECATED "still_water" is now replaced by still_water_grey texture for a newer water coloring system
      //this is only here or the purposes of backwards compatibility, and should no longer be used!
      "textures": "textures/blocks/water_still"
    }
  }
},"stained_glass": { "textures": [ "textures/blocks/glass_white", "textures/blocks/glass_orange", "textures/blocks/glass_magenta", "textures/blocks/glass_light_blue", "textures/blocks/glass_yellow", "textures/blocks/glass_lime", "textures/blocks/glass_pink", "textures/blocks/glass_gray", "textures/blocks/glass_silver", "textures/blocks/glass_cyan", "textures/blocks/glass_purple", "textures/blocks/glass_blue", "textures/blocks/glass_brown", "textures/blocks/glass_green", "textures/blocks/glass_red", "textures/blocks/glass_black" ] }, "stained_glass_pane_top": { "textures": [ "textures/blocks/glass_pane_top_white", "textures/blocks/glass_pane_top_orange", "textures/blocks/glass_pane_top_magenta", "textures/blocks/glass_pane_top_light_blue", "textures/blocks/glass_pane_top_yellow", "textures/blocks/glass_pane_top_lime", "textures/blocks/glass_pane_top_pink", "textures/blocks/glass_pane_top_gray", "textures/blocks/glass_pane_top_silver", "textures/blocks/glass_pane_top_cyan", "textures/blocks/glass_pane_top_purple", "textures/blocks/glass_pane_top_blue", "textures/blocks/glass_pane_top_brown", "textures/blocks/glass_pane_top_green", "textures/blocks/glass_pane_top_red", "textures/blocks/glass_pane_top_black" ] },"redstone_lamp_off": {
      "textures": "textures/blocks/redstone_lamp_off"
    },
    "redstone_lamp_on": {
      "textures": "textures/blocks/redstone_lamp_on"
    },"glass": {
      "textures": "textures/blocks/glass"
    },
    "glass_pane_top": {
      "textures": "textures/blocks/glass_pane_top"},"quartz_block_top": {
      "textures": [
        "textures/blocks/quartz_block_top",
        "textures/blocks/quartz_block_chiseled_top",
        "textures/blocks/quartz_block_lines_top",
        "textures/blocks/quartz_block_top"
      ]
    },
    "quartz_block_bottom": {
      "textures": [
        "textures/blocks/quartz_block_bottom",
        "textures/blocks/quartz_block_chiseled_top",
        "textures/blocks/quartz_block_lines_top",
        "textures/blocks/quartz_block_top"
      ]
    },
    "quartz_block_side": {
      "textures": [
        "textures/blocks/quartz_block_side",
        "textures/blocks/quartz_block_chiseled",
        "textures/blocks/quartz_block_lines",
        "textures/blocks/quartz_block_top"
      ]
    },"furnace": {
      "textures": [
        "textures/blocks/furnace_front_off",
        "textures/blocks/furnace_front_on",
        "textures/blocks/furnace_side",
        "textures/blocks/furnace_top"
      ]
    },
    "furnace_front": {
      "textures": [
        "textures/blocks/furnace_front_off",
        "textures/blocks/furnace_front_on"
      ]
    },
    "furnace_front_off": {
      "textures": "textures/blocks/furnace_front_off"
    },
    "furnace_front_on": {
      "textures": "textures/blocks/furnace_front_on"
    },
    "furnace_top": {
      "textures": [
        "textures/blocks/furnace_top",
        "textures/blocks/furnace_top"
      ]
    },
    "furnace_side": {
      "textures": [
        "textures/blocks/furnace_side",
        "textures/blocks/furnace_side"
      ]
    },"farmland": {
      "textures": [
        "textures/blocks/farmland_wet",
        "textures/blocks/farmland_dry"
      ]},"iron_block": {
      "textures": "textures/blocks/iron_block"
    },
    "gold_block": {
      "textures": "textures/blocks/gold_block"
    },
    "diamond_block": {
      "textures": "textures/blocks/diamond_block"
    }
  }
}
