{"minecraft:cobblestone":{"textures":"minecraft_cobblestone","sound":"stone"},"minecraft:mossy_cobblestone":{"textures":"minecraft_mossy_cobblestone","sound":"stone"},"minecraft:stone":{"textures":"minecraft_stone","sound":"stone"},"dirt":{"isotropic": true,"textures": "dirt","sound":"gravel"},"dirt_podzol_side":{"isotropic": true,"textures": "dirt_podzol_side","sound":"gravel"},"dirt_podzol_top":{"isotropic": true,"textures": "dirt_podzol_top","sound":"gravel"},"carried_textures":{"up":"grass_carried_top","down":"grass_carried_bottom","side":"grass_carried"},"sound": "grass"}"textures":{"up":"grass_path_top","down":"grass_path_bottom","side":"grass_path_side"},"textures":{"up": "grass_top_snowed","down": "grass_bottom_snowed","side":"grass_side_snowed"},"textures":{"up": "grass_top","down": "grass_bottom","side":"grass_side"},"sand":{"isotropic": true,"textures":"sand","brightness_gamma":0.55,"sound":"sand"},"brick_block":{"textures":"brick"},"wood":{"textures":"wood","sound":"wood"},"log":{"textures":{"up":"log_top","down":"log_top","side":"log_side"},"sound":"wood"},"stripped_oak_log":{"textures":{"up":"stripped_oak_log_top","down":"stripped_oak_log_top","side":"stripped_oak_log_side"},"sound":"wood"},"stripped_birch_log":{"textures":{"up":"stripped_birch_log_top","down":"stripped_birch_log_top","side":"stripped_birch_log_side"},"sound":"wood"},"stripped_dark_oak_log":{"textures":{"up":"stripped_dark_oak_log_top","down":"stripped_dark_oak_log_top","side":"stripped_dark_oak_log_side"},"sound":"wood"},"stripped_acacia_log":{"textures":{"up":"stripped_acacia_log_top","down":"stripped_acacia_log_top","side":"stripped_acacia_log_side"},"sound":"wood"},"stripped_jungle_log":{"textures":{"up":"stripped_jungle_log_top","down":"stripped_jungle_log_top","side":"stripped_jungle_log_side"},"sound":"wood"},"stripped_spruce_log":{"textures":{"up":"stripped_spruce_log_top","down":"stripped_spruce_log_top","side":"stripped_spruce_log_side"},"sound":"wood"},"minecraft:gold_ore":{"textures":"minecraft_gold_ore","sound":"stone"},"minecraft:diamond_ore":{"textures":"minecraft_diamond_ore","sound":"stone"},"minecraft:iron_ore":{"textures":"minecraft_iron_ore","sound":"stone"},"minecraft:emerald_ore":{"textures":"minecraft_emerald_ore","sound":"stone"},"minecraft:coal_ore":{"textures":"minecraft_coal_ore","sound":"stone"},"minecraft:lapis_ore":{"textures":"minecraft_lapis_ore","sound":"stone"},"minecraft:redstone_ore":{"textures":"minecraft_redstone_ore","sound":"stone"},"grass_block":{"isotropic": true,"textures": "grass_block","sound":"gravel"},"flowing_water": {
    "textures": {
      "up": "still_water_grey",
      "down": "still_water_grey",
      "side": "flowing_water_grey"
    }
  },
  "water": {
    "textures": {
      "up": "still_water_grey",
      "down": "still_water_grey",
      "side": "flowing_water_grey"
    }
  },"stained_glass": {
    "textures": "stained_glass",
    "sound": "glass"
  },
  "stained_glass_pane": {
    "textures": {
      "up": "stained_glass",
      "down": "stained_glass",
      "north": "stained_glass",
      "south": "stained_glass",
      "west": "stained_glass",
      "east": "stained_glass_pane_top"
    },
    "sound": "glass"
  },"redstone_lamp": { "textures": "redstone_lamp_off", "sound": "glass" }, "lit_redstone_lamp": { "textures": "redstone_lamp_on", "sound": "glass" },"glass": {
    "textures": "glass",
    "sound": "glass"
  },"gold_block": {
    "textures": "gold_block",
    "sound": "metal"
  },
  "iron_block": {
    "textures": "iron_block",
    "sound": "metal"
  },"diamond_block": {
    "textures": "diamond_block",
    "sound": "metal"
  },"quartz_block": {
    "textures": {
      "up": "quartz_block_top",
      "down": "quartz_block_bottom",
      "side": "quartz_block_side"
    },"furnace": {
    "textures": {
      "up": "furnace_top",
      "down": "furnace_top",
      "north": "furnace_side",
      "south": "furnace_front_off",
      "west": "furnace_side",
      "east": "furnace_side"
    },
    "sound": "stone"
  },
  "lit_furnace": {
    "textures": {
      "up": "furnace_top",
      "down": "furnace_top",
      "north": "furnace_side",
      "south": "furnace_side",
      "west": "furnace_side",
      "east": "furnace_front_on"
    },
    "sound": "stone"
  },"farmland": {
    "textures": {
      "up": "farmland",
      "down": "dirt",
      "side": "dirt"
    },
    "sound": "gravel"}}
