{
	"resource_pack_name": "dmb_mobheads",
	"texture_name": "atlas.items",
	"texture_data": {
		"dmb_player_1": {
			"textures": "textures/items/dmb/players/player_1.png"
		},"dmb_player_2": {
			"textures": "textures/items/dmb/players/player_2.png"
		},"dmb_player_3": {
			"textures": "textures/items/dmb/players/player_3.png"
		},"dmb_player_4": {
			"textures": "textures/items/dmb/players/player_4.png"
		},"dmb_player_5": {
			"textures": "textures/items/dmb/players/player_5.png"
		}
        
		
		


		
	}
}