{
  "skins": [
	{
      "localization_name": "cape1",
      "geometry": "geometry.humanoid.custom",
      "texture": "skin.png",
      "cape": "cape1.png",
      "type": "free"
    },
	{
      "localization_name": "capes2",
      "geometry": "geometry.humanoid.custom",
      "texture": "skin.png",
      "cape": "capes2.png",
      "type": "free"
    },
	{
      "localization_name": "cape3",
      "geometry": "geometry.humanoid.custom",
      "texture": "skin.png",
      "cape": "cape3.png",
      "type": "free"
    },
	{
      "localization_name": "cape4",
      "geometry": "geometry.humanoid.custom",
      "texture": "skin.png",
      "cape": "cape4.png",
      "type": "free"
    },
	{
      "localization_name": "cape5",
      "geometry": "geometry.humanoid.custom",
      "texture": "skin.png",
      "cape": "cape5.png",
      "type": "free"
    },
	{
      "localization_name": "cape6",
      "geometry": "geometry.humanoid.custom",
      "texture": "skin.png",
      "cape": "cape6.png",
      "type": "free"
    },
	{
      "localization_name": "cape7",
      "geometry": "geometry.humanoid.custom",
      "texture": "skin.png",
      "cape": "cape7.png",
      "type": "free"
    },
	{
      "localization_name": "cape8",
      "geometry": "geometry.humanoid.custom",
      "texture": "skin.png",
      "cape": "cape8.png",
      "type": "free"
    },
	{
      "localization_name": "cape9",
      "geometry": "geometry.humanoid.custom",
      "texture": "skin.png",
      "cape": "cape9.png",
      "type": "free"
    },
	{
      "localization_name": "cape10",
      "geometry": "geometry.humanoid.custom",
      "texture": "skin.png",
      "cape": "cape10.png",
      "type": "free"
    },
	{
      "localization_name": "cape11",
      "geometry": "geometry.humanoid.custom",
      "texture": "skin.png",
      "cape": "cape11.png",
      "type": "free"
    },
	{
      "localization_name": "cape12",
      "geometry": "geometry.humanoid.custom",
      "texture": "skin.png",
      "cape": "cape12.png",
      "type": "free"
    },
	{
      "localization_name": "cape13",
      "geometry": "geometry.humanoid.custom",
      "texture": "skin.png",
      "cape": "cape13.png",
      "type": "free"
    },
	{
      "localization_name": "cape14",
      "geometry": "geometry.humanoid.custom",
      "texture": "skin.png",
      "cape": "cape14.png",
      "type": "free"
    },
	{
      "localization_name": "cape15",
      "geometry": "geometry.humanoid.custom",
      "texture": "skin.png",
      "cape": "cape15.png",
      "type": "free"
    }
  ],
  "serialize_name": "By ItsBlueDev",
  "localization_name": "By ItsBlueDev"
}