{
	"format_version": "1.13.0",
	"minecraft:entity": {
		"description": {
			"identifier": "dmb:player_5",
			"is_spawnable": true,
			"is_summonable": true,
			"is_experimental": false
		},
		"component_groups": {
			"dmb:dmb_pickup": {
				"minecraft:despawn": {}
			}
		},
		"components": {
			"minecraft:navigation.generic": {
				"can_sink": false		
			},
			"minecraft:environment_sensor": {
				"triggers": [
					{
						"filters": {
							"any_of": [
								{
									"test": "is_altitude",
									"subject": "self",
									"operator": ">=",
									"value": 255
								},
								{
									"test": "is_altitude",
									"subject": "self",
									"operator": "<=",
									"value": 4
								}
							]
						},
						"target": "self",
						"event": "dmb:dmb_pickup"
					}
				]
			},
			"minecraft:damage_sensor": {
				"triggers": {
					"cause": "all",
					"deals_damage": false
				}
			},
			"minecraft:interact": {
				"interactions": [
					{
						"hurt_item": 0,
						"interact_text": "Pick Up",
						"on_interact": {
							
							"event": "dmb:dmb_pickup",
							"target": "self"
						},
						"play_sounds": "pop",
						"swing": true,
						"use_item": false,
						"spawn_items": {
							"table": "loot_tables/entities/dmb/players/player_5.json"
						}
					}
				]
			},
			"minecraft:type_family": {
				"family": [
					"dmb_skull",
					"inanimate"
				]
			},
			"minecraft:collision_box": {
				"width": 0.5,
				"height": 0.5
			},
			"minecraft:health": {
				"value": 0.5,
				"max": 0.5
			},
			"minecraft:nameable": {},
			"minecraft:persistent": {},
			"minecraft:physics": {
				"has_gravity": false,
				"has_collision": false
			},
			"minecraft:pushable": {
				"is_pushable": false,
				"is_pushable_by_piston": true
			},
			"minecraft:fire_immune": true
		},
		"events": {
			"dmb:dmb_pickup": {
				"add": {
					"component_groups": [
						"dmb:dmb_pickup"
					]
				}
			}
		}
	}
}