{
	"format_version": "1.8.0",
	"minecraft:entity": {
		"description": {
			"identifier": "minecraft:player",
			"is_spawnable": true,
			"is_summonable": true,
			"is_experimental": false,
			"scripts": {
				"animate": [
					"light",
					"notheld",
					"walk"
				]
			},
			"animations": {
				"walk": "controller.animation.walk",
				"light": "controller.animation.light",
				"notheld": "controller.animation.notheld"
			}
		},
		"component_groups": {
			"minecraft:standard_player": {
				"minecraft:health": {
					"value": 20,
					"max": 20
				},
				"minecraft:movement": {
					"value": 0.1
				},
				"minecraft:attack": {
					"damage": 1
				}
			},
			"minecraft:light": {
				"minecraft:is_saddled": {}
			},
			"minecraft:notheld": {
			},
			"minecraft:byTechnicalGD": {
			}
		},
		"components": {
			"minecraft:type_family": {
				"family": [
					"player"
				]
			},
			"minecraft:loot": {
				"table": "loot_tables/empty.json"
			},
			"minecraft:collision_box": {
				"width": 0.6,
				"height": 1.8
			},
			"minecraft:can_climb": {},
			"minecraft:movement": {
				"value": 0.1
			},
			"minecraft:environment_sensor": [
				{
					"on_environment": {
						"filters": {
							"any_of": [
								{
									"test": "is_family",
									"subject": "self",
									"value": "player"
								}
							]
						},
						"event": "minecraft:reset_player"
					}
				},
				{
					"on_environment": {
						"filters": {
							"all_of": [
								{
									"test": "has_equipment",
									"subject": "self",
									"domain": "hand",
									"value": "minecraft:lantern"
								}
							]
						},
						"event": "minecraft:light"
					}
				},
				{
					"on_environment": {
						"filters": {
							"all_of": [
								{
									"test": "has_equipment",
									"subject": "self",
									"domain": "hand",
									"value": "minecraft:torch"
								}
							]
						},
						"event": "minecraft:light"
					}
				},
				{
					"on_environment": {
						"filters": {
							"all_of": [
								{
									"test": "has_equipment",
									"subject": "self",
									"domain": "hand",
									"value": "minecraft:redstone_torch"
								}
							]
						},
						"event": "minecraft:light"
					}
				},
				{
					"on_environment": {
						"filters": {
							"all_of": [
								{
									"test": "has_equipment",
									"subject": "self",
									"domain": "hand",
									"value": "minecraft:beacon"
								}
							]
						},
						"event": "minecraft:light"
					}
				},
				{
					"on_environment": {
						"filters": {
							"all_of": [
								{
									"test": "has_equipment",
									"subject": "self",
									"domain": "hand",
									"value": "minecraft:magma"
								}
							]
						},
						"event": "minecraft:light"
					}
				},
				{
					"on_environment": {
						"filters": {
							"all_of": [
								{
									"test": "has_equipment",
									"subject": "self",
									"domain": "hand",
									"value": "minecraft:lit_pumpkin"
								}
							]
						},
						"event": "minecraft:light"
					}
				},
				{
					"on_environment": {
						"filters": {
							"all_of": [
								{
									"test": "has_equipment",
									"subject": "self",
									"domain": "hand",
									"value": "minecraft:brewing_stand"
								}
							]
						},
						"event": "minecraft:light"
					}
				},
				{
					"on_environment": {
						"filters": {
							"all_of": [
								{
									"test": "has_equipment",
									"subject": "self",
									"domain": "hand",
									"value": "minecraft:sealantern"
								}
							]
						},
						"event": "minecraft:light"
					}
				},
				{
					"on_environment": {
						"filters": {
							"all_of": [
								{
									"test": "has_equipment",
									"subject": "self",
									"domain": "hand",
									"value": "minecraft:end_rod"
								}
							]
						},
						"event": "minecraft:light"
					}
				},
				{
					"on_environment": {
						"filters": {
							"all_of": [
								{
									"test": "has_equipment",
									"subject": "self",
									"domain": "hand",
									"value": "minecraft:blaze_rod"
								}
							]
						},
						"event": "minecraft:light"
					}
				},
				{
					"on_environment": {
						"filters": {
							"all_of": [
								{
									"test": "has_equipment",
									"subject": "self",
									"domain": "hand",
									"value": "minecraft:blaze_rod"
								}
							]
						},
						"event": "minecraft:light"
					}
				},
				{
					"on_environment": {
						"filters": {
							"all_of": [
								{
									"test": "has_equipment",
									"subject": "self",
									"domain": "hand",
									"value": "minecraft:glowstone"
								}
							]
						},
						"event": "minecraft:light"
					}
				},
				{
					"on_environment": {
						"filters": {
							"all_of": [
								{
									"test": "has_equipment",
									"subject": "self",
									"operator": "!=",
									"domain": "hand",
									"value": "[{minecraft:torch, minecraft:lantern}]"
								}
							]
						},
						"event": "minecraft:notheld"
					}
				}
			],
			"minecraft:player.saturation": {
				"value": 20
			},
			"minecraft:player.exhaustion": {
				"value": 0,
				"max": 4
			},
			"minecraft:player.level": {
				"value": 0,
				"max": 24791
			},
			"minecraft:player.experience": {
				"value": 0,
				"max": 1
			},
			"minecraft:breathable": {
				"totalSupply": 15,
				"suffocateTime": -1,
				"inhaleTime": 3.75,
				"generatesBubbles": false
			},
			"minecraft:nameable": {
				"alwaysShow": true,
				"allowNameTagRenaming": false
			},
			"minecraft:physics": {},
			"minecraft:insomnia": {
				"days_until_insomnia": 3
			},
			"minecraft:rideable": {
				"seat_count": 2,
				"family_types": [
					"parrot_tame"
				],
				"pull_in_entities": true,
				"seats": [
					{
						"position": [
							0.4,
							-0.15,
							0.04
						],
						"min_rider_count": 0,
						"max_rider_count": 0,
						"lock_rider_rotation": 0
					},
					{
						"position": [
							-0.4,
							-0.15,
							0.04
						],
						"min_rider_count": 1,
						"max_rider_count": 2,
						"lock_rider_rotation": 0
					}
				]
			},
			"minecraft:scaffolding_climber": {}
		},
		"events": {
			"minecraft:reset_player": {
				"add": {
					"component_groups": [
						"minecraft:standard_player"
					]
				},
				"remove": {
					"component_groups": [
						"minecraft:light",
						"minecraft:notheld"
					]
				}
			},
			"minecraft:entity_spawned": {
				"add": {
					"component_groups": [
						"minecraft:standard_player"
					]
				}
			},
			"minecraft:light_off": {
				"add": {
					"component_groups": [
						"minecraft:notheld"
					]
				}
			},
			"minecraft:light": {
				"add": {
					"component_groups": [
						"minecraft:light"
					]
				}
			}
		}
	}
}
