{
  "skins": [ ////BYLEGENDEAGLE: COPYING THESE MODULES=BANNED, MODIFYING MODULES = BANNED!///
    {
      "localization_name": "strider",
      "geometry": "geometry.strider",
      "texture": "strider.png",
      "type": "free"
    },
    {
      "localization_name": "Optimus-Truck",
      "geometry": "geometry.ot",
      "texture": "ot.png",
      "type": "free" 
    },
    {
      "localization_name": "Opti-normal",
      "geometry": "geometry.optimus",
      "texture": "optimus.png",
      "type": "free"
    },
    {
      "localization_name": "balloonboy",
      "geometry": "geometry.balloonboy",
      "texture": "balloonboy.png",
      "type": "free"
    },
    {
      "localization_name": "HulkBuster",
      "geometry": "geometry.hulknigboi",
      "texture": "hulknigboi.png",
      "type": "free"
    },
    {
      "localization_name": "Chica",
      "geometry": "geometry.chica",
      "texture": "Chica.png",
      "type": "free"
    },
    { 
      "localization_name": "TNT",
      "geometry": "geometry.3dblocks2",
      "texture": "j.png",
      "type": "free"
    },
    {
      "localization_name": "Diamond-Ore",
      "geometry": "geometry.3dblocks2",
      "texture": "i.png",
      "type": "free"
    },
    { 
      "localization_name": "a7",
      "geometry": "geometry.3dblocks2",
      "texture": "a7.png",
      "type": "free"
    },
    {
      "localization_name": "a1",
      "geometry": "geometry.3dblocks2",
      "texture": "a1.png",
      "type": "free"
    },
    {
      "localization_name": "a13",
      "geometry": "geometry.3dblocks2",
      "texture": "a13.png",
      "type": "free"
    },
    {
      "localization_name": "Crocodile",
      "geometry": "geometry.crock",
      "texture": "current.png",
      "type": "free"
    },
    {
      "localization_name": "gallimimus",
      "geometry": "geometry.gallimimus",
      "texture": "gallimimus.png",
      "type": "free"
    },
    {
      "localization_name": "endermutant",
      "geometry": "geometry.endermutant",
      "texture": "end.png",
      "type": "free"
    },
    {
      "localization_name": "Turkey",
      "geometry": "geometry.bv",
      "texture": "thanksgiving.png",
      "type": "free"
    },
    {
      "localization_name": "Modi-KomodoDragon",
      "geometry": "geometry.bishwut",
      "texture": "abcdsike.png",
      "type": "free"
    },
    {
      "localization_name": "R1",
      "geometry": "geometry.gr1",
      "texture": "R1.png",
      "type": "free"
    },
    {
      "localization_name": "R2",
      "geometry": "geometry.gr1",
      "texture": "R2.png",
      "type": "free"
    },
    {
      "localization_name": "R3",
      "geometry": "geometry.gr1",
      "texture": "R3.png",
      "type": "free"
    },
    {
      "localization_name": "R4",
      "geometry": "geometry.gr1",
      "texture": "R4.png",
      "type": "free"
    },
    {
      "localization_name": "demogorgon-1",
      "geometry": "geometry.demogorgon",
      "texture": "7.png",
      "type": "free"
    },
    {
      "localization_name": "demogorgon-2",
      "geometry": "geometry.demogorgon1",
      "texture": "13.png",
      "type": "free"
    },
    {
      "localization_name": "Korosensei-Mad",
      "geometry": "geometry.cockpitA2",
      "texture": "cockpitA2.png",
      "type": "free"
    },
    {
      "localization_name": "Korosensei-Happy",
      "geometry": "geometry.cockpitA7913",
      "texture": "cockpitA7913.png",
      "type": "free"
    },
    {
      "localization_name": "Tom",
      "geometry": "geometry.tom",
      "texture": "tom.png",
      "type": "free"
    },
    {
      "localization_name": "Werewolf",
      "geometry": "geometry.BIGGAEfix",
      "texture": "BIGGAE.png",
      "type": "free"
    },
    {
      "localization_name": "centaur",
      "geometry": "geometry.centaur",
      "texture": "centaur.png",
      "type": "free"
   },
   {
      "localization_name": "BLOCKIDGE",
      "geometry": "geometry.blcock",
      "texture": "blcock.png",
      "type": "free"
    },
    {
      "localization_name": "Medusa b12",
      "geometry": "geometry.medusa",
      "texture": "IMG_0003.png",
      "type": "free"
    },
    {
      "localization_name": "Mutant-ZOMBIE",
      "geometry": "geometry.mutant",
      "texture": "m1.png",
      "type": "free"
    },
    {
      "localization_name": "Mutant-HUSKY",
      "geometry": "geometry.mutant",
      "texture": "m2.png",
      "type": "free"
    },
    {
      "localization_name": "Baby-zombie",
      "geometry": "geometry.m1",
      "texture": "m1.png",
      "type": "free"
    },
    {
      "localization_name": "Baby-Husky",
      "geometry": "geometry.m1",
      "texture": "m2.png",
      "type": "free"
    },
    {
      "localization_name": "scp682",
      "geometry": "geometry.scp682",
      "texture": "scp682.png",
      "type": "free"
    },
    { 
      "localization_name": "scp939",
      "geometry": "geometry.scp939",
      "texture": "scp939.png",
      "type": "free"
    },
    { 
      "localization_name": "Mega-Naruto",
      "geometry": "geometry.naruto",
      "texture": "naruto.png",
      "type": "free"
    },
    {
      "localization_name": "ORGE",
      "geometry": "geometry.orge1",
      "texture": "orge.png",
      "type": "free"
    },
    {
      "localization_name": "Golem-3.0",
      "geometry": "geometry.DEMONSTA2",
      "texture": "MONSTA.png",
      "type": "free"
    },
    {
      "localization_name": "-Marvin-",
      "geometry": "geometry.mervin",
      "texture": "marvin.png",
      "type": "free"
    },
    {
      "localization_name": "AFRICANGIRAFF",
      "geometry": "geometry.ga",
      "texture": "ga1.png",
      "type": "free"
    },
    {
      "localization_name": "Elephant 1.0",
      "geometry": "geometry.pinoy",
      "texture": "e1.png",
      "type": "free"
    },
    {
      "localization_name": "Elephant 2.0",
      "geometry": "geometry.pinoy",
      "texture": "e2.png",
      "type": "free"
    },
    {
      "localization_name": "BLACK-gorilla",
      "geometry": "geometry.gor",
      "texture": "gar.png",
      "type": "free"
    },
    {
      "localization_name": "Hyena 2.0",
      "geometry": "geometry.hy",
      "texture": "hy.png",
      "type": "free"
    },
    {
      "localization_name": "HIPPO",
      "geometry": "geometry.pauly",
      "texture": "pauly.png",
      "type": "free"
    },
    {
      "localization_name": "Normal-Golem",
      "geometry": "geometry.nim",
      "texture": "nim.png",
      "type": "free"
    },
    {
      "localization_name": "SONIC",
      "geometry": "geometry.sonicfixed1",
      "texture": "sonicfixed.png",
      "type": "free"
    },
    {
      "localization_name": "SLENDERMAN 021",
      "geometry": "geometry.1",
      "texture": "BLACKFIXED1.png",
      "type": "free"
    },
    {
      "localization_name": "SLENDERMAN 002",
      "geometry": "geometry.1",
      "texture": "BLACKFIXED2.png",
      "type": "free"
    },
    {
      "localization_name": "ORANGE-S2",
      "geometry": "geometry.ORANGE",
      "texture": "ORANGEGIRL.png",
      "type": "free"
    },
    {
      "localization_name": "HOUSE WITH LEG",
      "geometry": "geometry.HOUSEWLEG",
      "texture": "HOUSEWLEG.png",
      "type": "free"
    },
    {
      "localization_name": "Normal House",
      "geometry": "geometry.WATCHAYOUDOIN",
      "texture": "JUSTAHOUSE.png",
      "type": "free"
    },
    {
      "localization_name": "BONNIE",
      "geometry": "geometry.bonnie2",
      "texture": "bonnie2.png",
      "type": "free"
    },
    {
      "localization_name": "KANEKI",
      "geometry": "geometry.kaneki",
      "texture": "ANIME.png",
      "type": "free"
    },
    {
      "localization_name": "ENDERWINGS 1.0",
      "geometry": "geometry.wings2006",
      "texture": "BOY.png",
      "type": "free"
    },
    {
      "localization_name": "ENDERWINGS 2.0",
      "geometry": "geometry.wings2006",
      "texture": "GIRL.png",
      "type": "free"
    },
    {
      "localization_name": "BOY-Ak2",
      "geometry": "geometry.ak2",
      "texture": "hands1.png",
      "type": "free"
    },
    {
      "localization_name": "GIRL-Ak2",
      "geometry": "geometry.ak2",
      "texture": "hands2.png",
      "type": "free"
    },
    {
      "localization_name": "Wingsgirl",
      "geometry": "geometry.dwings",
      "texture": "zozo.png",
      "type": "free"
    },
    {
      "localization_name": "Wingsboy",
      "geometry": "geometry.dwings",
      "texture": "zozo1.png",
      "type": "free"
    },
    {
      "localization_name": "Rhino",
      "geometry": "geometry.rhino",
      "texture": "ren.png",
      "type": "free"
    },
    {
      "localization_name": "SNOWGOLEM",
      "geometry": "geometry.snowgolem",
      "texture": "3.png",
      "type": "free"
    },
    {
      "localization_name": "White-Dinosaur",
      "geometry": "geometry.dino",
      "texture": "Dino.png",
      "type": "free"
    },
    {
      "localization_name": "megacreeper",
      "geometry": "geometry.megacreeper",
      "texture": "ma6.png",
      "type": "free"
    },
    {
      "localization_name": "Robot grass camouflage",
      "geometry": "geometry.black",
      "texture": "m7.png",
      "type": "free"
    },
    {
      "localization_name": "Summer time#1",
      "geometry": "geometry.summer",
      "texture": "ma9.png",
      "type": "free"
    },
    {
      "localization_name": "Summer time#2",
      "geometry": "geometry.summer",
      "texture": "ma10.png",
      "type": "free"
    },
    {
      "localization_name": "Summer time#3",
      "geometry": "geometry.summer",
      "texture": "ma11.png",
      "type": "free"
    },
    {
      "localization_name": "Summer time#4",
      "geometry": "geometry.summer",
      "texture": "ma12.png",
      "type": "free"
    },
    {
      "localization_name": "Black Stickman",
      "geometry": "geometry.stickman",
      "texture": "ma8.png",
      "type": "free"
    },
    {
      "localization_name": "Allmighty (hero ac.)",
      "geometry": "geometry.allmighty",
      "texture": "ma13.png",
      "type": "free"
    },
    {
      "localization_name": "jotarokujo",
      "geometry": "geometry.jotarokujo",
      "texture": "jotarokujo.png",
      "type": "free"
    },
    {
      "localization_name": "Koyomi",
      "geometry": "geometry.koyomi",
      "texture": "koyomi.png",
      "type": "free"
    },
    {
      "localization_name": "mini",
      "geometry": "geometry.mini",
      "texture": "mini.png",
      "type": "free"
    },
    {
      "localization_name": "Unicorn",
      "geometry": "geometry.unicorn",
      "texture": "unicorn.png",
      "type": "free"
    },
    {
      "localization_name": "scp166",
      "geometry": "geometry.scp166",
      "texture": "166.png",
      "type": "free"
    },
    {
      "localization_name": "GiantBoy",
      "geometry": "geometry.giant",
      "texture": "giant.png",
      "type": "free"
    },
    {
      "localization_name": "GiantGirl",
      "geometry": "geometry.g1",
      "texture": "g1.png",
      "type": "free"
    },
    {
      "localization_name": "TinyBoy",
      "geometry": "geometry.tests100",
      "texture": "giant.png",
      "type": "free"
    },
    {
      "localization_name": "TinyGirl",
      "geometry": "geometry.tests100",
      "texture": "g1.png",
      "type": "free"
    },
    {
      "localization_name": "Kiryu MFS3",
      "geometry": "geometry.kiroyo",
      "texture": "kiroyo.png",
      "type": "free"
    },
    {
      "localization_name": "Bee",
      "geometry": "geometry.XXXX",
      "texture": "bee.png",
      "type": "free"
    },
    {
      "localization_name": "Bee.1",
      "geometry": "geometry.XXXX",
      "texture": "991.png",      "type": "free"
    },
    {
      "localization_name": "Bee.2",
      "geometry": "geometry.XXXX",
      "texture": "992.png",
      "type": "free"
    },
    {
      "localization_name": "Bee.3",
      "geometry": "geometry.XXXX",
      "texture": "993.png",
      "type": "free"
    },
    {
      "localization_name": "Shrek",
      "geometry": "geometry.shrek",
      "texture": "shrek.png",
      "type": "free"
    },
    {
      "localization_name": "ShrekwDonkey",
      "geometry": "geometry.ShrekwD",
      "texture": "ShrekwD.png",
      "type": "free"
    },
    {
      "localization_name": "Diddykong",
      "geometry": "geometry.diddykong",
      "texture": "diddykong.png",
      "type": "free"
    },
    {
      "localization_name": "Captain America",
      "geometry": "geometry.COCKINBALL",
      "texture": "ca.png",
      "type": "free"
    },
    {
      "localization_name": "Green Girl",
      "geometry": "geometry.lgbfix",
      "texture": "lgb.png",
      "type": "free"
    },
    {
      "localization_name": "PandaMad",
      "geometry": "geometry.panda",
      "texture": "panda1.png",
      "type": "free"
    },
    {
      "localization_name": "PandaHappy",
      "geometry": "geometry.panda",
      "texture": "panda2.png",
      "type": "free"
    },
    {
      "localization_name": "PantvsZombie",
      "geometry": "geometry.plant2006",
      "texture": "plant1.png",
      "type": "free"
    },
    {
      "localization_name": "Boss 3.9",
      "geometry": "geometry.boss",
      "texture": "boss.png",
      "type": "free"
    },
    {
      "localization_name": "Santa",
      "geometry": "geometry.santa",
      "texture": "santa.png",
      "type": "free"
    },
    {
      "localization_name": "Dotted-doggy",
      "geometry": "geometry.d1",
      "texture": "d1.png",
      "type": "free"
    },
    {
      "localization_name": "Steve-Big",
      "geometry": "geometry.big2006",
      "texture": "big2006.png",
      "type": "free"
    },
    {
      "localization_name": "Villa",
      "geometry": "geometry.villa",
      "texture": "villa.png",
      "type": "free"
    },
    {
      "localization_name": "Saskue",
      "geometry": "geometry.sas",
      "texture": "sas.png",
      "type": "free"
    },
    {
      "localization_name": "Train",
      "geometry": "geometry.train",
      "texture": "train.png",
      "type": "free"
    },
    {
      "localization_name": "Ship",
      "geometry": "geometry.ship",
      "texture": "ship.png",
      "type": "free"
    },
    {
      "localization_name": "Triple 0.1",
      "geometry": "geometry.trip",
      "texture": "yrip.png",
      "type": "free"
    },
    {
      "localization_name": "Triple 0.2",
      "geometry": "geometry.trip",
      "texture": "yrip0.png",
      "type": "free"
    },
    {
      "localization_name": "Kaneki Mega lit",
      "geometry": "geometry.kanin",
      "texture": "kanin.png",
      "type": "free"
    },
    {
      "localization_name": "Green-D",
      "geometry": "geometry.Gif",
      "texture": "sauce.png",
      "type": "free"
    },
    {
      "localization_name": "Green-D-Big",
      "geometry": "geometry.dimple",
      "texture": "dimple.png",
      "type": "free"
    },
    {
      "localization_name": "Thanos",
      "geometry": "geometry.Thanos",
      "texture": "thanos.png",
      "type": "free"
    },
    {
      "localization_name": "Marshmello",
      "geometry": "geometry.mars",
      "texture": "mars.png",
      "type": "free"
    },
    {
      "localization_name": "PubgModel3.4",
      "geometry": "geometry.pubg2",
      "texture": "pubg2.png",
      "type": "free"
    },
    {
      "localization_name": "redcar",
      "geometry": "geometry.philippines",
      "texture": "ph.png",
      "type": "free"
    },
    {
      "localization_name": "siren-head",
      "geometry": "geometry.siren",
      "texture": "siren.png",
      "type": "free"
    },
    {
      "localization_name": "Tentacels2.02",
      "geometry": "geometry.Tentacels2.02",
      "texture": "v1.png",
      "cape": "cape.png",
      "type": "free"
    },
    {
      "localization_name": "ravager1",
      "geometry": "geometry.ravager",
      "texture": "q1.png",
      "type": "free"
    },
    {
      "localization_name": "ravager2",
      "geometry": "geometry.ravager",
      "texture": "q2.png",
      "type": "free"
    },
    {
      "localization_name": "ravager4",
      "geometry": "geometry.ravager",
      "texture": "q4.png",
      "type": "free"
    },
    {
      "localization_name": "pooookk",
      "geometry": "geometry.ravager",
      "texture": "q5.png",
      "type": "free"
    },
    {
      "localization_name": "kakain",
      "geometry": "geometry.ravager",
      "texture": "q6.png",
      "type": "free"
    },
    {
      "localization_name": "ARMOR-RED-D",
      "geometry": "geometry.chain",
      "texture": "chain.png",
      "type": "free"
    },
    {
      "localization_name": "Cow",
      "geometry": "geometry.cow",
      "texture": "cow.png",
      "type": "free"
    },
    {
      "localization_name": "Witherboss",
      "geometry": "geometry.witherBoss",
      "texture": "with.png",
      "type": "free"
   },
    {
      "localization_name": "Hoglin",
      "geometry": "geometry.hoglin",
      "texture": "hoglin.png",
      "type": "free"
    },
    {
      "localization_name": "PIG",
      "geometry": "geometry.iplfix",
      "texture": "ipl.png",
      "type": "free"
    },
    {
      "localization_name": "Piglin",
      "geometry": "geometry.piglin",
      "texture": "piglin.png",
      "type": "free"
    },
    {
      "localization_name": "Pariot",
      "geometry": "geometry.Pariot",
      "texture": "Parriot.png",
      "type": "free"
    },
    {
      "localization_name": "vip",
      "geometry": "geometry.vip",
      "texture": "vip.png",
      "type": "free"
    },
    {
      "localization_name": "Levi",
      "geometry": "geometry.levi",
      "texture": "levi.png",
      "type": "free"
    },
    {
      "localization_name": "HD-IRONMAN",
      "geometry": "geometry.ironman",
      "texture": "ironman.png",
      "type": "free"
    },
    {
      "localization_name": "PIG on STEVE",
      "geometry": "geometry.ps",
      "texture": "ps.png",
      "type": "free"
    },
    {
      "localization_name": "Iron-Steve",
      "geometry": "geometry.iron",
      "texture": "iron.png",
      "type": "free"
    },
    {
      "localization_name": "Mushroom-Monster-ani",
      "geometry": "geometry.mushroom",
      "texture": "mushroom.png",
      "type": "free"
    },
    {
      "localization_name": "Aero",
      "geometry": "geometry.aero",
      "texture": "aero.png",
      "type": "free"
    },
    {
      "localization_name": "sans",
      "geometry": "geometry.blaze",
      "texture": "sans.png",
      "type": "free"
    },
    {
      "localization_name": "BBY-DRG",
      "geometry": "geometry.dg",
      "texture": "dg.png",
      "type": "free"
    },
    {
      "localization_name": "OH-YAH-MR-KRAB",
      "geometry": "geometry.Krab",
      "texture": "Krab.png",
      "type": "free"
    },
    {
      "localization_name": "MAD-mass1.0",
      "geometry": "geometry.Ex",///MADE BY LEGEND EAGLE/LE
      "texture": "ora.png",
      "type": "free"
    },
    {
      "localization_name": "CREEPER v2.0",
      "geometry": "geometry.creeperleft",
      "texture": "left.png",
      "type": "free"
    },
    {
      "localization_name": "Baby-Creeper",
      "geometry": "geometry.bcreep",
      "texture": "bcreep.png",
      "type": "free"
    },
    {
      "localization_name": "Swing",
      "geometry": "geometry.ladder",
      "texture": "ladder.png",
      "type": "free"
    },
    {
      "localization_name": "Momo",
      "geometry": "geometry.Momo",
      "texture": "momo.png",
      "type": "free"
    },
    {
      "localization_name": "Scorpion-lady", ///©️Copyright: Mojang
      "geometry": "geometry.scd",
      "texture": "scd.png",
      "type": "free"
    },
    {
      "localization_name": "xuanzang",
      "geometry": "geometry.xuanzang", ///©️Copyright: Mojang
      "texture": "xuanzang.png",
      "type": "free"
    },
    {
      "localization_name": "ThePigDemon",
      "geometry": "geometry.ThePigDemon", ///©️Copyright: Mojang
      "texture": "ThePigDemon.png",
      "type": "free"
    },
    {
      "localization_name": "DoormanVillain",  ///©️Copyright: Mojang
      "geometry": "geometry.vdoorman",
      "texture": "doorman.png",
      "type": "free"
    },
    {
      "localization_name": "CakeVillain",  ///©️Copyright: Mojang
      "geometry": "geometry.vcake",
      "texture": "cake.png",
      "type": "free"
    },
    {
      "localization_name": "SilverfishVillain",  ///©️Copyright: Mojang
      "geometry": "geometry.vsilverfish",
      "texture": "vsilverfish.png",
      "type": "free"
    },
    {
      "localization_name": "Eyed-Demon",  ///©️Copyright: Mojang
      "geometry": "geometry.edl",
      "texture": "edl.png",
      "type": "free"
    },
    {
      "localization_name": "BullkingDemon",  ///©️Copyright: Mojang
      "geometry": "geometry.bullking",
      "texture": "bullking.png",
      "type": "free"
    },
    {
      "localization_name": "Allin",
      "geometry": "geometry.allin",
      "texture": "allin.png",
      "type": "free" 
    },
    {
      "localization_name": "Uwu",
      "geometry": "geometry.uwu",
      "texture": "uwu.png",
      "type": "free"
    },
    {
      "localization_name": "2D Baldi",
      "geometry": "geometry.baldi",
      "texture": "baldi.png",
      "type": "free"
    },
    {
      "localization_name": "3D Baldi",
      "geometry": "geometry.b-2",
      "texture": "b-2.png",
      "type": "free" 
    },
    {
      "localization_name": "Mario-game",
      "geometry": "geometry.mario1",
      "texture": "mario1.png",
      "type": "free"
    },
    {
      "localization_name": "Steve-Pigv2",
      "geometry": "geometry.friend",
      "texture": "friend.png",
      "type": "free"
    },
    {
      "localization_name": "StevenPig3",
      "geometry": "geometry.steve2",
      "texture": "friend.png",
      "type": "free" 
    },
    {
      "localization_name": "baby-mu",
      "geometry": "geometry.b-1",
      "texture": "b-1.png",
      "type": "free" 
    },
    {
      "localization_name": "Hellshot-Cape",
      "geometry": "geometry.HellShot",
      "texture": "HellShot.png",
	"cape": "h666.png",
      "type": "free"
    },
    {
      "localization_name": "Hellshot-NC",
      "geometry": "geometry.HellShot",
      "texture": "HellShot.png",
      "type": "free"
    },
    {
      "localization_name": "Drowned",
      "geometry": "geometry.md",
      "texture": "md.png",
      "type": "free"
    },
    {
      "localization_name": "Foxy",
      "geometry": "geometry.foxy",
      "texture": "foxy.png",
      "type": "free"
    },
    {
      "localization_name": "Chickv2",
      "geometry": "geometry.Chick1",
      "texture": "Chick1.png",
      "type": "free"
    },
    {
      "localization_name": "Bunnyv2",
      "geometry": "geometry.Bunny1",
      "texture": "Bunny1.png",
      "type": "free"
    },
    {
      "localization_name": "Freddy",
      "geometry": "geometry.Freddy",
      "texture": "Freddy.png",
      "type": "free"
    },
    {
      "localization_name": "DDWI-2",
      "geometry": "geometry.ddwi",
      "texture": "ddwi.png",
	"cape": "ddwi1.png",
      "type": "free"
    },
    {
      "localization_name": "Knight-2",
      "geometry": "geometry.k2",
      "texture": "k2.png",
      "type": "free"
    },
    {
      "localization_name": "Knight-3",
      "geometry": "geometry.k3",
      "texture": "k2.png",
      "type": "free"
    },
    {
      "localization_name": "Zombie-Glass",
      "geometry": "geometry.zv",
      "texture": "zv.png",
      "type": "free"
    },
    {
      "localization_name": "Deadpool",
      "geometry": "geometry.deadpool",
      "texture": "deadpool.png",
      "type": "free"
    },
    {
      "localization_name": "Creeper",
      "geometry": "geometry.mcreeper",
      "texture": "mc.png",
      "type": "free"
    },
    {
      "localization_name": "Baby-Golem",
      "geometry": "geometry.gigi",
      "texture": "gigi.png",
      "type": "free"
    },
    {
      "localization_name": "Genji",
      "geometry": "geometry.g",
      "texture": "019198383991113838311.png",
      "type": "free"
    },
    {
      "localization_name": "baigujing", ///©️Mojang
      "geometry": "geometry.baigujing",
      "texture": "baigujing.png",
      "type": "free"
    },
    {
      "localization_name": "sha_wujing", ///©️Mojang
      "geometry": "geometry.sha_wujing",
      "texture": "sha_wujing.png",
      "type": "free"
    },
    {
      "localization_name": "Cute Chicken", ///©️LE
      "geometry": "geometry.ck1",
      "texture": "ck1.png",
      "type": "free"
    },
    {
      "localization_name": "invisible skin new!", ///©️LE
      "geometry": "geometry.ins1",
      "texture": "ins1.png",
      "type": "free"
    },
    {
      "localization_name": "Link v1", ///©️LE
      "geometry": "geometry.link",
      "texture": "link.png",
      "cape": "IMG_0581.png",
      "type": "free"
    },
    {
      "localization_name": "Link v2", ///©️LE
      "geometry": "geometry.link",
      "texture": "link.png",
      "type": "free"
    },
    {
      "localization_name": "Tanjiro", ///©️LE
      "geometry": "geometry.tan",
      "texture": "Tanjiro.png",
      "type": "free"
    },
    {
      "localization_name": "Nezuko.", ///©️LE
      "geometry": "geometry.nezuko",
      "texture": "nez1.png",
      "type": "free"
    },
    {
      "localization_name": "Nezuko..", ///©️LE
      "geometry": "geometry.nezuko2",
      "texture": "nez2.png",
      "type": "free"
    },
    {
      "localization_name": "Nezuko...", ///©️LE
      "geometry": "geometry.nezuko2",
      "texture": "nez1.png",
      "type": "free"
    },
    {
      "localization_name": "Rabbit1", ///©️LE
      "geometry": "geometry.rabbit",
      "texture": "ra1.png",
      "type": "free"
    },
    {
      "localization_name": "Rabbit2", ///©️LE
      "geometry": "geometry.rabbit",
      "texture": "ra2.png",
      "type": "free"
    },
    {
      "localization_name": "Rabbit3", ///©️LE
      "geometry": "geometry.rabbit",
      "texture": "ra3.png",
      "type": "free"
    },
    {
      "localization_name": "Rabbit4", ///©️LE
      "geometry": "geometry.rabbit",
      "texture": "ra4.png",
      "type": "free"
    },
    {
      "localization_name": "Rabbit5", ///©️LE
      "geometry": "geometry.rabbit",
      "texture": "ra5.png",
      "type": "free"
    },
    {
      "localization_name": "Rabbit6", ///©️LE
      "geometry": "geometry.rabbit",
      "texture": "ra6.png",
      "type": "free"
    },
    {
      "localization_name": "Rabbit6", ///©️LE
      "geometry": "geometry.rabbit",
      "texture": "ra7.png",
      "type": "free"
    },
    {
      "localization_name": "EnderDragon", ///©️LE
      "geometry": "geometry.dblack",
      "texture": "dblack.png",
      "type": "free"
    },
    {
      "localization_name": "UgandaKnuckles", ///©️LE
      "geometry": "geometry.ugan",
      "texture": "ugan.png",
      "type": "free"
    },
    {
      "localization_name": "Tide", ///©️LE
      "geometry": "geometry.Tide",
      "texture": "tide.png",
      "type": "free"
    },
    {
      "localization_name": "Batman", ///©️LE
      "geometry": "geometry.batman",
      "texture": "batman.png",
      "type": "free"
    },
    {
      "localization_name": "HACKER!", ///©️LE
      "geometry": "geometry.hacker",
      "texture": "hacks.png",
      "type": "free"
    },
    {
      "localization_name": "HACKER!.", ///©️LE
      "geometry": "geometry.hacker",
      "texture": "hacks1.png",
      "type": "free"
    },
    {
      "localization_name": "Armor1", ///©️LE
      "geometry": "geometry.vd",
      "texture": "vd1.png",
      "type": "free"
    },
    {
      "localization_name": "Armor2", ///©️LE
      "geometry": "geometry.vd",
      "texture": "vd2.png",
      "type": "free"
    },
    {
      "localization_name": "Armor3", ///©️LE
      "geometry": "geometry.vd",
      "texture": "vd3.png",
      "type": "free"
    },
    {
      "localization_name": "Armor4", ///©️LE
      "geometry": "geometry.vd",
      "texture": "vd4.png",
      "type": "free"
    },
    {
      "localization_name": "Armor5", ///©️LE
      "geometry": "geometry.vd",
      "texture": "vd5.png",
      "type": "free"
    },
    {
      "localization_name": "Armor8", ///©️LE
      "geometry": "geometry.vd",
      "texture": "vd6.png",
      "type": "free"
    },
    {
      "localization_name": "Armor6", ///©️LE
      "geometry": "geometry.vd",
      "texture": "vd7.png",
      "type": "free"
    },
    {
      "localization_name": "Armor7", ///©️LE
      "geometry": "geometry.vd",
      "texture": "vd8.png",
      "type": "free"
    },
    {
      "localization_name": "Armor9", ///©️LE
      "geometry": "geometry.vd",
      "texture": "vd9.png",
      "type": "free"
    },
    {
      "localization_name": "Armor10", ///©️LE
      "geometry": "geometry.vd",
      "texture": "vd10.png",
      "type": "free"
    },
    { 
      "localization_name": "Villager-Small.",
      "geometry": "geometry.villasho",
      "texture": "villasho1.png",
      "type": "free"
    },
    { 
      "localization_name": "Villager-Small..",
      "geometry": "geometry.villasho",
      "texture": "villasho2.png",
      "type": "free"
    },
    { 
      "localization_name": "Villager-Small...",
      "geometry": "geometry.villasho",
      "texture": "villasho3.png",
      "type": "free"
    },
    { 
      "localization_name": "Villager-Small....",
      "geometry": "geometry.villasho",
      "texture": "villasho4.png",
      "type": "free"
    },
    { 
      "localization_name": "Payday",
      "geometry": "geometry.Payday",
      "texture": "payday.png",
      "type": "free"
    },
    { 
      "localization_name": "Dead",
      "geometry": "geometry.dead",
      "texture": "dead.png",
      "type": "free"
    },
    {
      "localization_name": "2D.",
      "geometry": "geometry.2d",
      "texture": "ma1.png",
      "type": "free"
    },
    {
      "localization_name": "2D..",
      "geometry": "geometry.2d",
      "texture": "ma2.png",
      "type": "free"
    },
    {
      "localization_name": "2D...",
      "geometry": "geometry.2d",
      "texture": "ma4.png",
      "type": "free"
    },
    { 
      "localization_name": "DG-ANI.",
      "geometry": "geometry.dg1",
      "texture": "dg.png",
      "type": "free"
    },
    { 
      "localization_name": "SCP096-Fixed.",
      "geometry": "geometry.scp096",
      "texture": "scp096.png",
      "type": "free"
    },
    { 
      "localization_name": "Flamingo-PINKY :)",
      "geometry": "geometry.flamingo",
      "texture": "flamingo.png",
      "type": "free"
    },
    { 
      "localization_name": "Axolot",
      "geometry": "geometry.axolote",
      "texture": "Oxo.png",
      "type": "free"
    },
    { 
      "localization_name": "Mothra",
      "geometry": "geometry.mothra",
      "texture": "mothra.png",
      "type": "free"
    },
    { 
      "localization_name": "KingDragon",
      "geometry": "geometry.theking",
      "texture": "theking.png",
      "type": "free"
    },
    { 
      "localization_name": "3nderDragon",
      "geometry": "geometry.Ender",
      "texture": "Ender.png",
      "type": "free"
    },
    { 
      "localization_name": "SteamPunk",
      "geometry": "geometry.steampunk",
      "texture": "steampunk.png",
      "type": "free"
    },
    {
      "localization_name": "§2Don’t use on servers1",
      "geometry": "geometry.girlhd",
      "texture": "girlhd.png",
      "type": "free"
    },
    {
      "localization_name": "§2Don’t use on servers2",
      "geometry": "geometry.n0",
      "texture": "steve_head.png",
      "type": "free"
    },
    { 
      "localization_name": "§2Don’t use on servers3",
      "geometry": "geometry.n1",
      "texture": "0bamium.png",
      "type": "free"
    }
  ],
  "serialize_name": "Made by LE v5",
  "localization_name": "Made by LE v5"
}///ENDING, NEXT 2000000 YEARS FOR V6 XD, "ITS CORONA TIME MY DUDES"