{
  "format_version": "1.12.0",
  "minecraft:geometry": [
    {
      "description": {
        "identifier": "geometry.item_sprite",
        "texture_width": 16,
        "texture_height": 16
      },
      "bones": [
        {
          "name": "body",
          "pivot": [ 0.0, 0.0, 0.0 ],
          "cubes": [
            {
              "origin": [ -8.0, -8.0, 0.0 ],
              "size": [ 29.0, 29.0, 0.0 ],
              "uv": [ 0, 0 ],
              "rotation": [ 3.0, 6.0, 4.0 ]
            }
          ]
        }
      ]
    }
  ]
}