{
  "skins": [
    {
      "localization_name": "§3creador",
      "geometry": "geometry.creador",
      "texture": "creador.png",
      "cape": "capas.png",
      "type": "free"
    },
    {
      "localization_name": "§balogallina",
      "geometry": "geometry.alogallina",
      "texture": "alo.png",
	  "cape": "Devil.png",
      "type": "free"
    }, 	
    {
      "localization_name": "§6monsterdroiid",
      "geometry": "geometry.monsterdroiid",
      "texture": "monsterdroiid.png",
      "type": "free"
    }, 	
  	{
      "localization_name": "bardock",
      "geometry": "geometry.bardock",
      "texture": "bardock.png",
      "type": "free"
    },
  	{
      "localization_name": "bardockssj",
      "geometry": "geometry.bardockssj",
      "texture": "bardockssj.png",
      "type": "free"
    },
  	{
      "localization_name": "blackgoku",
      "geometry": "geometry.blackgoku",
      "texture": "blackgoku.png",
      "type": "free"
    },
  	{
      "localization_name": "blackgokussjrose",
      "geometry": "geometry.blackgokussjrose",
      "texture": "blackgokussjrose.png",
      "type": "free"
    },
  	{
      "localization_name": "zamasufusionado",
      "geometry": "geometry.zamasu",
      "texture": "zamasu.png",
      "type": "free"
    },
  	{
      "localization_name": "zamasu§5mutado",
      "geometry": "geometry.zamasumutado",
      "texture": "zamasumutado.png",
      "type": "free"
    },
	{
      "localization_name": "witherstorm",
      "geometry": "geometry.witherstorm",
      "texture": "witherstorm.png",
      "type": "free"
    },
  	{
      "localization_name": "goku",
      "geometry": "geometry.goku",
      "texture": "goku.png",
      "type": "free"
    },
  	{
      "localization_name": "gokussj",
      "geometry": "geometry.gokussj",
      "texture": "gokussj.png",
      "type": "free"
    },
  	{
      "localization_name": "gokussj2",
      "geometry": "geometry.gokussj2",
      "texture": "gokussj.png",
      "type": "free"
    },
  	{
      "localization_name": "gokussj3",
      "geometry": "geometry.gokussj3",
      "texture": "gokussj3.png",
      "type": "free"
    },
  	{
      "localization_name": "gokugod",
      "geometry": "geometry.gokugod",
      "texture": "gokugod.png",
      "type": "free"
    },
  	{
      "localization_name": "gokussjazul",
      "geometry": "geometry.gokussjazul",
      "texture": "gokussjazul.png",
      "type": "free"
    },
  	{
      "localization_name": "gokuultra",
      "geometry": "geometry.gokuultra",
      "texture": "gokuultra.png",
      "type": "free"
    },
  	{
      "localization_name": "gokuultradom",
      "geometry": "geometry.gokuultradom",
      "texture": "gokuultradom.png",
      "type": "free"
    },
  	{
      "localization_name": "vegitossjblue",
      "geometry": "geometry.vegitossjblue",
      "texture": "vegitossjblue.png",
      "type": "free"
    },
  	{
      "localization_name": "broly",
      "geometry": "geometry.broly",
      "texture": "broly.png",
      "type": "free"
    },
  	{
      "localization_name": "brolyssj",
      "geometry": "geometry.brolyssj",
      "texture": "brolyssj.png",
      "type": "free"
    },
  	{
      "localization_name": "§abrolyssjlegendario",
      "geometry": "geometry.brolyssjlegendario",
      "texture": "brolyssjlegendario.png",
      "type": "free"
    },
	{
      "localization_name": "vegetaozaru",
      "geometry": "geometry.vegetaozaru",
      "texture": "vegetaozaru.png",
      "type": "free"
    },
  	{
      "localization_name": "vegeta",
      "geometry": "geometry.vegeta",
      "texture": "vegeta.png",
      "type": "free"
    },
  	{
      "localization_name": "vegetassj",
      "geometry": "geometry.vegetassj",
      "texture": "vegetassj.png",
      "type": "free"
    },
  	{
      "localization_name": "majinvegeta",
      "geometry": "geometry.majinvegeta",
      "texture": "majinvegeta.png",
      "type": "free"
    },
  	{
      "localization_name": "vegetagod",
      "geometry": "geometry.vegetagod",
      "texture": "vegetagod.png",
      "type": "free"
    },
  	{
      "localization_name": "vegetassjblue",
      "geometry": "geometry.vegetassjblue",
      "texture": "vegetassjblue.png",
      "type": "free"
    },
  	{
      "localization_name": "vegetassjbluelb",
      "geometry": "geometry.vegetassjbluelb",
      "texture": "vegetassjbluelb.png",
      "type": "free"
    },
  	{
      "localization_name": "thanos",
      "geometry": "geometry.thanos",
      "texture": "thanos.png",
      "type": "free"
    },
  	{
      "localization_name": "thanosguante",
      "geometry": "geometry.thanosguante",
      "texture": "thanos.png",
      "type": "free"
    },
  	{
      "localization_name": "thanosarmadura",
      "geometry": "geometry.thanosarmadura",
      "texture": "thanosarmadura.png",
      "type": "free"
    },
  	{
      "localization_name": "thanosarmaduraguante",
      "geometry": "geometry.thanosarmaduraguante",
      "texture": "thanosarmadura.png",
      "type": "free"
    },
  	{
      "localization_name": "capitan america",
      "geometry": "geometry.capitanamerica",
      "texture": "capitanamerica.png",
      "type": "free"
    },
  	{
      "localization_name": "ironmanmark50v1",
      "geometry": "geometry.ironmanmark50v1",
      "texture": "mark50v1.png",
      "type": "free"
    },
  	{
      "localization_name": "ironmanmark50v2",
      "geometry": "geometry.ironmanmark50v2",
      "texture": "mark50v2.png",
      "type": "free"
    },
  	{
      "localization_name": "ironmanmark50v3",
      "geometry": "geometry.ironmanmark50v3",
      "texture": "mark50v3.png",
      "type": "free"
    },
  	{
      "localization_name": "viudanegra",
      "geometry": "geometry.viudanegra",
      "texture": "viudanegra.png",
      "type": "free"
    },
  	{
      "localization_name": "venom",
      "geometry": "geometry.venom",
      "texture": "venom.png",
      "type": "free"
    },
  	{
      "localization_name": "traje casero spiderman",
      "geometry": "geometry.trajecaserospiderman",
      "texture": "trajecaserospiderman.png",
      "type": "free"
    },
  	{
      "localization_name": "no me quiero ir sr.stark",
      "geometry": "geometry.nomequieroir",
      "texture": "nomequieroir.png",
      "type": "free"
    },
  	{
      "localization_name": "ironspiderman",
      "geometry": "geometry.ironspiderman",
      "texture": "ironspiderman.png",
      "type": "free"
    },
  	{
      "localization_name": "deadpool",
      "geometry": "geometry.deadpool",
      "texture": "deadpool.png",
      "type": "free"
    },
	{
      "localization_name": "tomura",
      "geometry": "geometry.tomura",
      "texture": "tomura.png",
      "type": "free"
    },
	{
      "localization_name": "Deku",
      "geometry": "geometry.Deku",
      "texture": "Deku.png",
      "type": "free"
    },
	{
      "localization_name": "DekuDanado",
      "geometry": "geometry.DekuDanado",
      "texture": "DekuDanado.png",
      "type": "free"
    },
	{
      "localization_name": "DekuCien",
      "geometry": "geometry.DekuCien",
      "texture": "DekuCien.png",
      "type": "free"
    },
	{
      "localization_name": "todoroki",
      "geometry": "geometry.todoroki",
      "texture": "todoroki.png",
      "type": "free"
    },
	{
      "localization_name": "pacman",
      "geometry": "geometry.pacman",
      "texture": "pacman.png",
      "type": "free"
    },
	{
      "localization_name": "fantasmarojo",
      "geometry": "geometry.fantasma",
      "texture": "fantasmarojo.png",
      "type": "free"
    },
	{
      "localization_name": "fantasmaceleste",
      "geometry": "geometry.fantasma",
      "texture": "fantasmaceleste.png",
      "type": "free"
    },
	{
      "localization_name": "fantasmanaranja",
      "geometry": "geometry.fantasma",
      "texture": "fantasmanaranja.png",
      "type": "free"
    },
	{
      "localization_name": "fantasmarosa",
      "geometry": "geometry.fantasma",
      "texture": "fantasmarosa.png",
      "type": "free"
    },
	{
      "localization_name": "fdead",
      "geometry": "geometry.fdead",
      "texture": "fdead.png",
      "type": "free"
    },
    {
      "localization_name": "Rey Arturo",
      "geometry": "geometry.reyarturo",
      "texture": "reyarturo.png",
      "cape": "capaarturo.png",
      "type": "free"
    },
    {
      "localization_name": "ReyArturocongato",
      "geometry": "geometry.reyarturocongato",
      "texture": "reyarturo.png",
      "cape": "capaarturo.png",
      "type": "free"
    },
	{
      "localization_name": "meliodas",
      "geometry": "geometry.meliodas",
      "texture": "meliodas.png",
      "type": "free"
    },
	{
      "localization_name": "elizabethv1",
      "geometry": "geometry.elizabethv1",
      "texture": "elizabethv1.png",
      "type": "free"
    },
	{
      "localization_name": "king",
      "geometry": "geometry.king",
      "texture": "king.png",
      "type": "free"
    },
	{
      "localization_name": "dianev1",
      "geometry": "geometry.dianev1",
      "texture": "dianev1.png",
      "type": "free"
    },
	{
      "localization_name": "escanor",
      "geometry": "geometry.escanor",
      "texture": "escanor.png",
      "type": "free"
    },
	{
      "localization_name": "escanormamado",
      "geometry": "geometry.escanormamado",
      "texture": "escanormamado.png",
      "type": "free"
    },
	{
      "localization_name": "merlin",
      "geometry": "geometry.merlin",
      "texture": "merlin.png",
      "type": "free"
    },
	{
      "localization_name": "kratos",
      "geometry": "geometry.kratos",
      "texture": "kratos.png",
      "type": "free"
    },
	{
      "localization_name": "kratosGoW4",
      "geometry": "geometry.kratosgow4",
      "texture": "kratosgow4.png",
      "type": "free"
    },
	{
      "localization_name": "DaliArma",
      "geometry": "geometry.DaliArma",
      "texture": "dali.png",
      "type": "free"
    },
	{
      "localization_name": "daliminigun",
      "geometry": "geometry.daliminigun",
      "texture": "dali.png",
      "type": "free"
    },
	{
      "localization_name": "dalibilletes",
      "geometry": "geometry.dalibilletes",
      "texture": "dalibilletes.png",
      "type": "free"
    },
	{
      "localization_name": "hamburguesa",
      "geometry": "geometry.hamburguesa",
      "texture": "hamburguesa.png",
      "type": "free"
    },
	{
      "localization_name": "§eplatano§r fornite",
      "geometry": "geometry.platanofornite",
      "texture": "platanofornite.png",
      "type": "free"
    },
	{
      "localization_name": "marshmello",
      "geometry": "geometry.marshmello",
      "texture": "marshmello.png",
      "type": "free"
    },
	{
      "localization_name": "marshmello§al§6e§5d§r",
      "geometry": "geometry.marshmelloled",
      "texture": "marshmello.png",
      "type": "free"
    },
	{
      "localization_name": "marshmello§bLedAzul",
      "geometry": "geometry.marshmelloledazul",
      "texture": "marshmelloledazul.png",
      "type": "free"
    },
	{
      "localization_name": "stevemamado",
      "geometry": "geometry.stevemamado",
      "texture": "stevemamado.png",
      "type": "free"
    },
	{
      "localization_name": "hacker",
      "geometry": "geometry.hacker",
      "texture": "hacker.png",
      "type": "free"
    },
	{
      "localization_name": "hackerlvl1",
      "geometry": "geometry.hackerlvl1",
      "texture": "hacker.png",
      "type": "free"
    },
	{
      "localization_name": "scp939",
      "geometry": "geometry.scp939",
      "texture": "scp939.png",
      "type": "free"
    },
	{
      "localization_name": "sans",
      "geometry": "geometry.sans",
      "texture": "sans.png",
      "type": "free"
    },
	{
      "localization_name": "phantom§acod",
      "geometry": "geometry.phantom",
      "texture": "phantom.png",
      "type": "free"
    },
	{
      "localization_name": "ghost§acod",
      "geometry": "geometry.ghostcod",
      "texture": "ghostcod.png",
      "type": "free"
    },
	{
      "localization_name": "mario",
      "geometry": "geometry.mario",
      "texture": "mario.png",
      "type": "free"
    },
	{
      "localization_name": "cj",
      "geometry": "geometry.cj",
      "texture": "cj.png",
      "type": "free"
    },
	{
      "localization_name": "cjAhShit",
      "geometry": "geometry.cj1",
      "texture": "cj.png",
      "type": "free"
    },
	{
      "localization_name": "meme del ataud",
      "geometry": "geometry.memeataud",
      "texture": "memeataud.png",
      "type": "free"
    },
	{
      "localization_name": "stickman",
      "geometry": "geometry.stickman",
      "texture": "stickman.png",
      "type": "free"
    },
	{
      "localization_name": "jet force gemini",
      "geometry": "geometry.jetforcegemini",
      "texture": "jetforcegemini.png",
      "type": "free"
    },
	{
      "localization_name": "agus5xd",
      "geometry": "geometry.agus5xd",
      "texture": "agus5xd.png",
      "type": "free"
    },
	{
      "localization_name": "§0herobrine§r",
      "geometry": "geometry.herobrine",
      "texture": "herobrine.png",
      "type": "free"
    }
  ],
  "serialize_name": "HechoPor§3Skyrrel§r",
  "localization_name": "HechoPor§3Skyrrel§r"
}