{
    "pools": [
        {
            "rolls": 1,
            "entries": [
                {
                    "type": "loot_table",
                    "name": "loot_tables/entities/dmb/players/player_3.json"
                }
            ],
            "conditions": [
                {
                    "condition": "killed_by_player"
                },
                {
                    "condition": "random_chance_with_looting",
                    "chance": 0.005,
                    "looting_multiplier": 0.001
                }
            ]
        }
    ]
}
