{
	"format_version" : "1.8.0",
	"animations" : {
		"animation.hoglin.walk" : {
			"anim_time_update" : "query.modified_distance_moved",
			"loop" : true,
			"bones" : {
				"leg_back_right": {
					"rotation": ["-5+math.cos(query.anim_time * 28.17) *  40.0", 0, "0+math.cos(query.anim_time * 28.17) * -3.0"]
				},
				"leg_back_left": {
					"rotation": ["0+math.cos(query.anim_time * 38.17) * -40.0", 0, 0]
				},
				"leg_front_right": {
					"rotation": ["2+math.cos(query.anim_time * 38.17) * -40.0", 0, "0+math.cos(query.anim_time * 28.17) * -3.0"]
				},
				"leg_front_left": {
					"rotation": ["0+math.cos(query.anim_time * 28.17) *  40.0", 0, 0]
				},
				"body": {
					"rotation": ["0+math.cos(query.anim_time * 40.17) * 2.0", 0, "0+math.cos(query.anim_time * 40.17) * 4.0"]
				},
				"head": {
					"rotation": ["-5+math.cos(query.anim_time * 28.17) * -3.0", "0+math.cos(query.anim_time * 38.17) * 2.0", 0]
				}
			}
		}
	}
}