{
	"format_version" : "1.8.0",
	"animations" : {
		"animation.blaze.move" : {
			"loop" : true,
			"bones" : {
				"upperbodyparts0" : {
					"position" : [ "math.cos(query.life_time * -370.0        ) * 9.0", "2.0 + math.cos((0 * 2 + query.life_time * 30.0) * 14.32)", "math.sin(query.life_time * -360.0        ) * 9.0" ]
				},
				"upperbodyparts1" : {
					"position" : [ "math.cos(query.life_time * -360.0 +  90.0) * 10.0", "2.0 + math.cos((1 * 2 + query.life_time * 20.0) * 14.32)", "math.sin(query.life_time * -320.0 +  90.0) * 9.0" ]
				},
				"upperbodyparts10" : {
					"position" : [ "math.cos(query.life_time * -180.0 + 217.0) * 5.0", "-11.0 + math.cos((10 * 1.5 + query.life_time * 20.0) * 14.32)", "math.sin(query.life_time * -180.0 + 207.0) * 5.0" ]
				},
				"upperbodyparts11" : {
					"position" : [ "math.cos(query.life_time * -180.0 + 227.0) * 5.0", "-11.0 + math.cos((11 * 1.5 + query.life_time * 20.0) * 14.32)", "math.sin(query.life_time * -180.0 + 297.0) * 5.0" ]
				},
				"upperbodyparts2" : {
					"position" : [ "math.cos(query.life_time * -360.0 + 171.0) * 9.0", "2.0 + math.cos((2 * 2 + query.life_time * 29.0) * 14.32)", "math.sin(query.life_time * -360.0 + 180.0) * 9.0" ]
				},
				"upperbodyparts3" : {
					"position" : [ "math.cos(query.life_time * -370.0 + 270.0) * 9.0", "2.0 + math.cos((3 * 2 + query.life_time * 20.0) * 14.32)", "math.sin(query.life_time * -360.0 + 270.0) * 9.0" ]
				},
				"upperbodyparts4" : {
					"position" : [ "math.cos(query.life_time * 108.0 +  50.0) * 7.0", "-2.0 + math.cos((4 * 2 + query.life_time * 20.0) * 14.32)", "math.sin(query.life_time * 118.0 +  45.0) * 7.0" ]
				},
				"upperbodyparts5" : {
					"position" : [ "math.cos(query.life_time * 118.0 + 135.0) * 7.0", "-2.0 + math.cos((5 * 2 + query.life_time * 30.0) * 14.32)", "math.sin(query.life_time * 108.0 + 135.0) * 7.0" ]
				},
				"upperbodyparts6" : {
					"position" : [ "math.cos(query.life_time * 108.0 + 235.0) * 7.0", "-2.0 + math.cos((6 * 2 + query.life_time * 20.0) * 14.32)", "math.sin(query.life_time * 108.0 + 225.0) * 7.0" ]
				},
				"upperbodyparts7" : {
					"position" : [ "math.cos(query.life_time * 118.0 + 325.0) * 7.0", "-2.0 + math.cos((7 * 2 + query.life_time * 20.0) * 14.32)", "math.sin(query.life_time * 108.0 + 315.0) * 7.0" ]
				},
				"upperbodyparts8" : {
					"position" : [ "math.cos(query.life_time * -200.0 +  29.0) * 5.0", "-11.0 + math.cos((8 * 1.5 + query.life_time * 20.0) * 14.32)", "math.sin(query.life_time * -180.0 +  27.0) * 5.0" ]
				},
				"upperbodyparts9" : {
					"position" : [ "math.cos(query.life_time * -210.0 + 127.0) * 5.0", "-11.0 + math.cos((9 * 1.5 + query.life_time * 20.0) * 14.32)", "math.sin(query.life_time * -180.0 + 117.0) * 5.0" ]
			},
				"head" : {
					"position" : [ "math.cos(query.life_time * -160.0        ) * 2.10", "-7.0 + math.cos((0 * 0 + query.life_time * 0.0) * 0.32)", "math.sin(query.life_time * -0.0        ) * 0.0" ]
				}
			}
		}
	}
}
