{
	"format_version" : "1.8.0",
	"animations" : {
		"animation.hoglin.walk" : {
			"anim_time_update" : "query.modified_distance_moved",
			"loop" : true,
			"bones" : {
				"leg_back_right" : {
					"rotation" : [ "math.cos(query.modified_distance_moved * 38.17) * 80.22 * query.modified_move_speed - this", 0.0, 0.0 ]
				},
				"leg_back_left" : {
					"rotation" : [ "math.cos(query.modified_distance_moved * -40.17 + 180) * 80.22 * query.modified_move_speed - this", 0.0, 0.0 ]
				},
				"leg_front_right" : {
					"rotation" : [ "math.cos(query.modified_distance_moved * -38.17 + 180) * 80.22 * query.modified_move_speed - this", 0.0, 0.0 ]
				},
				"leg_front_left" : {
					"rotation" : [ "math.cos(query.modified_distance_moved * 40.17) * 80.22 * query.modified_move_speed - this", 0.0, 0.0 ]
				},
				"body": {
					"rotation": ["0+math.cos(query.anim_time * 55.17) * 2.0", 0, "0+math.cos(query.anim_time * 45.17) * 5.0"]
				},
				"head": {
					"rotation": ["-5+math.cos(query.anim_time * 28.17) * -3.0", "0+math.cos(query.anim_time * 38.17) * 2.0", 0]
				}
			}
		}
	}
}