{
	"format_version": "1.8.0",
	"animations": {
		"animation.chicken.baby_transform": {
			"loop": true,
			"bones": {
				"head": {
					"scale": [2, 2, 2]
				}
			}
		},
		"animation.chicken.general": {
			"loop": true,
			"bones": {
				"body": {
					"rotation": ["-this", 0, 0]
				},
				"wing0": {
					"rotation": [0, 0, "variable.wing_flap - this"]
				},
				"wing1": {
					"rotation": [0, 0, "-variable.wing_flap - this"]
				}
			}
		},
		"animation.chicken.move": {
			"loop": true,
			"anim_time_update": "query.modified_distance_moved",
			"bones": {
				"leg0": {
					"rotation": ["-10+math.cos(query.anim_time * 38.17) * 45.0", 0, 5]
				},
				"leg1": {
					"rotation": ["0+math.cos(query.anim_time * 38.17) * -36.0", 0, -5]
				},
				"head": {
					"rotation": [0, 0, 0],
					"position": [0, 0, 0]
				},
				"beak": {
					"rotation": [0, 0, 0],
					"position": [0, 0, 0]
				},
				"comb": {
					"rotation": ["-5+math.cos(query.anim_time * 33.17) * 2.0", "0+math.cos(query.anim_time * 33.17) * 2.0", "0+math.cos(query.anim_time * 40.0) * 6.0"],
					"position": [0, 0, 0]
				},
				"body": {
					"rotation": ["0+math.cos(query.anim_time *38.17) * -12.0", 0, "0+math.cos(query.anim_time * 38.17) * 3.0"]
				},
				"wing0": {
					"rotation": ["0+math.cos(query.anim_time * 38.17) * -6.0", 0, 0]
				},
				"wing1": {
					"rotation": ["0+math.cos(query.anim_time * 38.17) * -6.0", 0, 0]
				}
			}
		}
	}
}